snapshot_date,snapshot_utc,tournament_id,fixture_id,kickoff_utc,home,away,pick_side,condition_id,token_id,outcome,source,model_probability,market_probability,best_ask,best_ask_size,ask_levels_json,volume_usdc,liquidity_usdc,fee_rate_bps,tick_size,min_order_size,evaluated_stake,expected_avg_price,slippage_pct,fee_usdc,net_edge,verdict,action,settlement,complete_set_asks_json,complete_set_ask_sum,complete_set_all_in,complete_set_shares,complete_set_profit,complete_set_status
2026-09-02,2026-09-02T15:59:10.080766+00:00,liga_mx_2026,lmx_055,2026-09-05T01:00:00+00:00,Puebla,Toluca,AWAY_WIN,0x701d0b98d5552c287cd29bfd1c24e30eca9aafc856f28bb4f3d6eceacfaa33bc,25255948019260802063808618524741791869095964721230007894680589362541432534448,YES,polymarket-live,0.538358,0.6,0.6,1147.63,"[[0.6,1147.63],[0.61,1164.57],[0.62,3648.78]]",142.07187,9938.5083,1000,0.01,5.0,0.0,,,,,DISCARD,NO_TRADE,WON,"{""HOME_WIN"":0.2,""DRAW"":0.23,""AWAY_WIN"":0.6}",1.03,1.08771,5.0,-0.43855,NO_EDGE
2026-09-02,2026-09-02T15:59:10.080766+00:00,liga_mx_2026,lmx_056,2026-09-05T03:00:00+00:00,Juárez,Pachuca,AWAY_WIN,0xcb30afea9eeeffb48b245ed1d3552603808f54c641516257a184f1d9ebd1e1e4,64560401008078028182304555971261029375700595173573397951181160434157329442462,YES,polymarket-live,0.458904,0.46,0.46,20.1,"[[0.46,20.1],[0.47,43.2],[0.48,74.9]]",511.88358200000005,5639.3331,1000,0.01,5.0,0.0,,,,,DISCARD,NO_TRADE,WON,"{""HOME_WIN"":0.29,""DRAW"":0.26,""AWAY_WIN"":0.46}",1.01,1.07467,5.0,-0.37335,NO_EDGE
2026-09-02,2026-09-02T15:59:10.080766+00:00,liga_mx_2026,lmx_057,2026-09-05T23:00:00+00:00,Atlético San Luis,Guadalajara,AWAY_WIN,0xb7a41a5f9ab7802844818a7f4474664967f0dc3cd9f833d682108af60ac9aa88,33680590376949317346228870703883347437595653812998226908763969720890377783941,YES,polymarket-live,0.38393,0.56,0.56,590.13,"[[0.56,590.13],[0.57,952.0],[0.58,2646.07]]",46.13582,8710.0301,1000,0.01,5.0,0.0,,,,,DISCARD,NO_TRADE,LOST,"{""HOME_WIN"":0.24,""DRAW"":0.25,""AWAY_WIN"":0.56}",1.05,1.11163,5.0,-0.55815,NO_EDGE
2026-09-02,2026-09-02T15:59:10.080766+00:00,liga_mx_2026,lmx_058,2026-09-05T23:00:00+00:00,Querétaro,Monterrey,HOME_WIN,0x04ff9c6f89b5b763e86c3716e014bd2d72fa2a041082395448ddc37a4dccdbf9,98236237576555841828784252775202130701302172952259170452864737319477266500051,YES,polymarket-live,0.566362,0.31,0.31,600.0,"[[0.31,600.0],[0.32,657.35],[0.33,3000.0]]",101.712988,5336.6495,1000,0.01,5.0,0.0,,,,,DISCARD,NO_TRADE,LOST,"{""HOME_WIN"":0.31,""DRAW"":0.26,""AWAY_WIN"":0.46}",1.03,1.09547,5.0,-0.47735,NO_EDGE
2026-09-03,2026-09-03T15:49:08.767604+00:00,liga_mx_2026,lmx_055,2026-09-05T03:00:00+00:00,Juárez,Pachuca,AWAY_WIN,0xcb30afea9eeeffb48b245ed1d3552603808f54c641516257a184f1d9ebd1e1e4,64560401008078028182304555971261029375700595173573397951181160434157329442462,YES,polymarket-live,0.458904,0.47,0.47,44.71,"[[0.47,44.71],[0.48,1043.86],[0.49,609.64]]",862.562848,7603.8336,1000,0.01,5.0,0.0,,,,,DISCARD,NO_TRADE,WON,"{""HOME_WIN"":0.27,""DRAW"":0.27,""AWAY_WIN"":0.47}",1.01,1.07433,5.0,-0.37165,NO_EDGE
2026-09-03,2026-09-03T15:49:08.767604+00:00,liga_mx_2026,lmx_056,2026-09-05T23:00:00+00:00,Atlético San Luis,Guadalajara,AWAY_WIN,0xb7a41a5f9ab7802844818a7f4474664967f0dc3cd9f833d682108af60ac9aa88,33680590376949317346228870703883347437595653812998226908763969720890377783941,YES,polymarket-live,0.38393,0.56,0.56,683.53,"[[0.56,683.53],[0.57,1408.0],[0.58,1045.0]]",323.14582000000007,10261.402,1000,0.01,5.0,0.0,,,,,DISCARD,NO_TRADE,WON,"{""HOME_WIN"":0.23,""DRAW"":0.25,""AWAY_WIN"":0.56}",1.04,1.1011,5.0,-0.5055,NO_EDGE
2026-09-04,2026-09-04T15:47:41.098141+00:00,liga_mx_2026,lmx_055,2026-09-05T03:00:00+00:00,Juárez,Pachuca,AWAY_WIN,0xcb30afea9eeeffb48b245ed1d3552603808f54c641516257a184f1d9ebd1e1e4,64560401008078028182304555971261029375700595173573397951181160434157329442462,YES,polymarket-live,0.458904,0.48,0.48,114.0,"[[0.48,114.0],[0.49,11411.72],[0.5,20998.61]]",1351.4956610000002,61664.4101,1000,0.01,5.0,0.0,,,,,DISCARD,NO_TRADE,WON,"{""HOME_WIN"":0.25,""DRAW"":0.28,""AWAY_WIN"":0.48}",1.01,1.07387,5.0,-0.36935,NO_EDGE
2026-09-04,2026-09-04T15:47:41.098141+00:00,liga_mx_2026,lmx_056,2026-09-05T23:00:00+00:00,Atlético San Luis,Guadalajara,AWAY_WIN,0xb7a41a5f9ab7802844818a7f4474664967f0dc3cd9f833d682108af60ac9aa88,33680590376949317346228870703883347437595653812998226908763969720890377783941,YES,polymarket-live,0.38393,0.55,0.55,2371.27,"[[0.55,2371.27],[0.56,3052.61],[0.57,2372.23]]",325.87309100000004,14530.1406,1000,0.01,5.0,0.0,,,,,DISCARD,NO_TRADE,WON,"{""HOME_WIN"":0.23,""DRAW"":0.24,""AWAY_WIN"":0.55}",1.02,1.0807,5.0,-0.4035,NO_EDGE
2026-09-05,2026-09-05T14:37:16.976937+00:00,liga_mx_2026,lmx_056,2026-09-05T23:00:00+00:00,Atlético San Luis,Guadalajara,AWAY_WIN,0xb7a41a5f9ab7802844818a7f4474664967f0dc3cd9f833d682108af60ac9aa88,33680590376949317346228870703883347437595653812998226908763969720890377783941,YES,polymarket-live,0.38393,0.54,0.54,11206.1,"[[0.54,11206.1],[0.55,13199.11],[0.56,25952.31]]",1037.715914,52280.0014,1000,0.01,5.0,0.0,,,,,DISCARD,NO_TRADE,WON,"{""HOME_WIN"":0.24,""DRAW"":0.25,""AWAY_WIN"":0.54}",1.03,1.09183,5.0,-0.45915,NO_EDGE
2026-09-06,2026-09-06T14:57:14.328693+00:00,liga_mx_2026,lmx_059,2026-09-06T23:00:00+00:00,Cruz Azul,Santos Laguna,HOME_WIN,0xfd36ea8fa31bedd20efaf7d35154e9af8ab872f18b270c926e2f458af09e8ca7,6373882385124989230359783416334910155490111617051822065377713807994039124240,YES,polymarket-live,0.836022,0.71,0.71,15329.83,"[[0.71,15329.83],[0.72,15780.81],[0.73,31970.89]]",332.772073,47203.8032,1000,0.01,5.0,0.0,,,,,DISCARD,NO_TRADE,WON,"{""HOME_WIN"":0.71,""DRAW"":0.18,""AWAY_WIN"":0.13}",1.02,1.06666,5.0,-0.3333,NO_EDGE
2026-09-07,2026-09-07T17:16:33.280793+00:00,liga_mx_2026,lmx_060,2026-09-11T03:00:00+00:00,Pumas UNAM,León,HOME_WIN,0x5e6d0a13bd53915311d5481d5fe82ce2508ac7579854ca41810ee58770cecb66,101227173142945782393672574881329329229487918108238668874033245449360267280673,YES,polymarket-live,0.622476,0.48,0.48,46.0,"[[0.48,46.0],[0.49,801.0],[0.5,696.12]]",332.64732699999996,4642.8026,1000,0.01,5.0,0.0,,,,,DISCARD,NO_TRADE,WON,"{""HOME_WIN"":0.48,""DRAW"":0.27,""AWAY_WIN"":0.28}",1.03,1.09483,5.0,-0.47415,NO_EDGE
2026-09-08,2026-09-08T16:00:24.202648+00:00,liga_mx_2026,lmx_060,2026-09-11T03:00:00+00:00,Pumas UNAM,León,HOME_WIN,0x5e6d0a13bd53915311d5481d5fe82ce2508ac7579854ca41810ee58770cecb66,101227173142945782393672574881329329229487918108238668874033245449360267280673,YES,polymarket-live,0.622476,0.48,0.48,2231.72,"[[0.48,2231.72],[0.49,1186.86],[0.5,958.58]]",337.64732699999996,8229.5823,1000,0.01,5.0,0.0,,,,,DISCARD,NO_TRADE,WON,"{""HOME_WIN"":0.48,""DRAW"":0.27,""AWAY_WIN"":0.28}",1.03,1.09483,5.0,-0.47415,NO_EDGE
2026-09-09,2026-09-09T15:57:26.047061+00:00,liga_mx_2026,lmx_060,2026-09-11T03:05:00+00:00,Pumas UNAM,León,HOME_WIN,0x5e6d0a13bd53915311d5481d5fe82ce2508ac7579854ca41810ee58770cecb66,101227173142945782393672574881329329229487918108238668874033245449360267280673,YES,polymarket-live,0.622476,0.46,0.46,2236.0,"[[0.46,2236.0],[0.47,3239.0],[0.48,1685.86]]",534.382143,12991.6164,1000,0.01,5.0,25.0,0.46,0.0,1.35,0.137636,AUTO,SIMULATED_BUY,WON,"{""HOME_WIN"":0.46,""DRAW"":0.27,""AWAY_WIN"":0.3}",1.03,1.09555,5.0,-0.47775,NO_EDGE
2026-09-10,2026-09-10T15:52:08.587157+00:00,liga_mx_2026,lmx_060,2026-09-11T03:05:00+00:00,Pumas UNAM,León,HOME_WIN,0x5e6d0a13bd53915311d5481d5fe82ce2508ac7579854ca41810ee58770cecb66,101227173142945782393672574881329329229487918108238668874033245449360267280673,YES,polymarket-live,0.622476,0.46,0.46,37.0,"[[0.46,37.0],[0.47,4723.11],[0.48,5798.45]]",977.20966,23299.839,1000,0.01,5.0,25.0,0.4631454473787939,0.006837929084334459,1.34214,0.13446631139140716,AUTO,SIMULATED_BUY,WON,"{""HOME_WIN"":0.46,""DRAW"":0.27,""AWAY_WIN"":0.29}",1.02,1.08514,5.0,-0.4257,NO_EDGE
2026-09-11,2026-09-11T15:53:22.865542+00:00,liga_mx_2026,lmx_061,2026-09-12T01:00:00+00:00,Necaxa,Puebla,HOME_WIN,0xb25fa65a472d9d01185505b56226273ca40dade69f4b28186eabe607ee83a143,20610861374163474841419283852819150275911926389729328473247487997646653118857,YES,polymarket-live,0.54165,0.48,0.48,13617.22,"[[0.48,13617.22],[0.49,21857.77],[0.5,10218.24]]",719.670064,56982.5622,1000,0.01,5.0,25.0,0.48,0.0,1.3,0.03669,REVIEW,NO_TRADE,LOST,"{""HOME_WIN"":0.48,""DRAW"":0.27,""AWAY_WIN"":0.27}",1.02,1.08438,5.0,-0.4219,NO_EDGE
2026-09-11,2026-09-11T15:53:22.865542+00:00,liga_mx_2026,lmx_062,2026-09-12T03:00:00+00:00,Atlante,Pachuca,HOME_WIN,0x5ef02612d5fddeadc18f65c825dff7d58defd55cf3a3a525efa8ba218a74d53a,72147911995967983402880506067523327387549939072558081418001037057627907177159,YES,polymarket-live,0.39053,0.33,0.33,16919.6,"[[0.33,16919.6],[0.34,26428.18],[0.35,11309.67]]",4479.5199379999995,65542.3142,1000,0.01,5.0,22.59,0.33,0.0,1.51353,0.03842,REVIEW,NO_TRADE,LOST,"{""HOME_WIN"":0.33,""DRAW"":0.28,""AWAY_WIN"":0.41}",1.02,1.08646,5.0,-0.4323,NO_EDGE
2026-09-11,2026-09-11T15:53:22.865542+00:00,liga_mx_2026,lmx_063,2026-09-12T03:10:00+00:00,Tijuana,Querétaro,HOME_WIN,0x28f9b11063d5772d7abd89c8ea930aa71dba243b62a4470de27e87221cb37995,106574014537353415930892159980572548363324209119807777980903066783000201578015,YES,polymarket-live,0.574893,0.48,0.48,21094.1,"[[0.48,21094.1],[0.49,17209.51],[0.5,11168.57]]",4259.338001,56644.0259,1000,0.01,5.0,25.0,0.48,0.0,1.3,0.069933,REVIEW,NO_TRADE,LOST,"{""HOME_WIN"":0.48,""DRAW"":0.29,""AWAY_WIN"":0.26}",1.03,1.09479,5.0,-0.47395,NO_EDGE
2026-09-11,2026-09-11T15:53:22.865542+00:00,liga_mx_2026,lmx_064,2026-09-12T23:00:00+00:00,Toluca,Atlas,HOME_WIN,0x78b211afc7f684bb9bf9072c90ddebde2f6dee6763d24d6200277db55d992e72,85027222014490155595563008976984718247356536113029512540858823313467992403501,YES,polymarket-live,0.724106,0.66,0.66,3193.0,"[[0.66,3193.0],[0.67,4063.16],[0.68,7941.05]]",0.0,19031.9084,1000,0.01,5.0,0.0,,,,,DISCARD,NO_TRADE,WON,"{""HOME_WIN"":0.66,""DRAW"":0.21,""AWAY_WIN"":0.16}",1.03,1.08247,5.0,-0.41235,NO_EDGE
2026-09-12,2026-09-12T15:00:46.050513+00:00,liga_mx_2026,lmx_064,2026-09-12T23:05:00+00:00,Toluca,Atlas,HOME_WIN,0x78b211afc7f684bb9bf9072c90ddebde2f6dee6763d24d6200277db55d992e72,85027222014490155595563008976984718247356536113029512540858823313467992403501,YES,polymarket-live,0.724106,0.66,0.66,46.0,"[[0.66,46.0],[0.67,9959.79],[0.68,17399.77]]",106.588181,36570.5483,1000,0.01,5.0,0.0,,,,,DISCARD,NO_TRADE,WON,"{""HOME_WIN"":0.66,""DRAW"":0.21,""AWAY_WIN"":0.15}",1.02,1.07178,5.0,-0.3589,NO_EDGE
2026-09-13,2026-09-13T15:38:39.551966+00:00,liga_mx_2026,lmx_067,2026-09-14T01:00:00+00:00,Santos Laguna,Juárez,HOME_WIN,0x59b9d6fa7d49534c23b0cd53f717eb96e825f40de0017b6848df691701664f11,47974059866061437674885262121942028967897732846424179265836739383026226828473,YES,polymarket-live,0.453938,0.49,0.49,9134.28,"[[0.49,9134.28],[0.5,10908.28],[0.51,3434.54]]",381.890529,32434.8531,1000,0.01,5.0,0.0,,,,,DISCARD,NO_TRADE,WON,"{""HOME_WIN"":0.49,""DRAW"":0.26,""AWAY_WIN"":0.27}",1.02,1.08394,5.0,-0.4197,NO_EDGE
2026-09-13,2026-09-13T15:38:39.551966+00:00,liga_mx_2026,lmx_068,2026-09-14T01:07:00+00:00,Guadalajara,Pumas UNAM,HOME_WIN,0x33974e0f9502128413ffb0e0d34cd9640cbadac337d5a0d057ca786b4d1dee91,53801425247603023747370759309340615646716294490293339017976905638518370229602,YES,polymarket-live,0.505978,0.65,0.65,17811.71,"[[0.65,17811.71],[0.66,15357.15],[0.67,8016.13]]",1453.039491,48016.9319,1000,0.01,5.0,0.0,,,,,DISCARD,NO_TRADE,WON,"{""HOME_WIN"":0.65,""DRAW"":0.21,""AWAY_WIN"":0.16}",1.02,1.07278,5.0,-0.3639,NO_EDGE
2026-09-14,2026-09-14T17:43:49.900485+00:00,liga_mx_2026,lmx_069,2026-09-15T01:00:00+00:00,León,Atlético San Luis,HOME_WIN,0x2328a3214671f2e3fcabd8f3c42ccbece29c7d9165182363d3610d880a296873,33904987495010484317532551449397088750438754129841362330903357389861262572093,YES,polymarket-live,0.500298,0.51,0.51,5355.34,"[[0.51,5355.34],[0.52,15883.71],[0.53,13626.65]]",20161.189759000004,57202.8203,1000,0.01,5.0,0.0,,,,,DISCARD,NO_TRADE,WON,"{""HOME_WIN"":0.51,""DRAW"":0.26,""AWAY_WIN"":0.25}",1.02,1.08298,5.0,-0.4149,NO_EDGE
2026-09-15,2026-09-15T16:17:10.417071+00:00,liga_mx_2026,lmx_070,2026-09-16T01:00:00+00:00,Puebla,Toluca,AWAY_WIN,0x701d0b98d5552c287cd29bfd1c24e30eca9aafc856f28bb4f3d6eceacfaa33bc,25255948019260802063808618524741791869095964721230007894680589362541432534448,YES,polymarket-live,0.518116,0.63,0.63,4234.6,"[[0.63,4234.6],[0.64,10674.42],[0.65,9099.5]]",13236.398937000002,54014.0624,1000,0.01,5.0,0.0,,,,,DISCARD,NO_TRADE,WON,"{""HOME_WIN"":0.17,""DRAW"":0.22,""AWAY_WIN"":0.63}",1.02,1.07458,5.0,-0.3729,NO_EDGE
2026-09-16,2026-09-16T16:09:15.911425+00:00,liga_mx_2026,lmx_071,2026-09-19T01:00:00+00:00,Puebla,Atlante,HOME_WIN,0xb9c715bfeef6a9f564270feaadd4ca7c52a9c805850737959daee88afc2c4277,9478183139723408351121262286010062644277766326144956849184940332901388961855,YES,polymarket-live,0.427403,0.47,0.47,350.0,"[[0.47,350.0],[0.48,1773.0],[0.49,1344.06]]",0.0,11754.3022,1000,0.01,5.0,0.0,,,,,DISCARD,NO_TRADE,LOST,"{""HOME_WIN"":0.47,""DRAW"":0.26,""AWAY_WIN"":0.29}",1.02,1.08474,5.0,-0.4237,NO_EDGE
2026-09-16,2026-09-16T16:09:15.911425+00:00,liga_mx_2026,lmx_072,2026-09-19T03:00:00+00:00,Juárez,Tigres UANL,AWAY_WIN,0x497b6c9af896d50eb7bf886f5c909d79ea9e84412036b940b662577e43eb890b,80139555061032185577618157344041954746700592232769096286143917898466468800255,YES,polymarket-live,0.485371,0.54,0.54,1381.0,"[[0.54,1381.0],[0.55,2331.64],[0.56,3525.95]]",294.68037799999996,14017.8684,1000,0.01,5.0,0.0,,,,,DISCARD,NO_TRADE,LOST,"{""HOME_WIN"":0.23,""DRAW"":0.26,""AWAY_WIN"":0.54}",1.03,1.09179,5.0,-0.45895,NO_EDGE
2026-09-16,2026-09-16T16:09:15.911425+00:00,liga_mx_2026,lmx_073,2026-09-19T23:00:00+00:00,Atlético San Luis,Necaxa,HOME_WIN,0x9dfd057e7ac49b229cd84cee51a38680c51313d1aad52c40b77c7b823fef50bb,104459138145360923699154949765763891954280695117237846682969250055842354076070,YES,polymarket-live,0.468977,0.45,0.45,373.0,"[[0.45,373.0],[0.46,3868.89],[0.47,2900.0]]",0.0,10940.6527,1000,0.01,5.0,0.0,,,,,DISCARD,NO_TRADE,WON,"{""HOME_WIN"":0.45,""DRAW"":0.28,""AWAY_WIN"":0.31}",1.04,1.1063,5.0,-0.5315,NO_EDGE
2026-09-16,2026-09-16T16:09:15.911425+00:00,liga_mx_2026,lmx_074,2026-09-19T23:00:00+00:00,Atlas,Pumas UNAM,AWAY_WIN,0xa76caab55e9ea6886e6d998c19e679c76feade1712b9464b06168a012228f41d,35043313621077731320384646083658773231439112241109552901959295969938218039830,YES,polymarket-live,0.419303,0.33,0.33,1237.0,"[[0.33,1237.0],[0.34,1404.09],[0.35,5548.09]]",0.0,12061.651,1000,0.01,5.0,0.0,,,,,DISCARD,NO_TRADE,LOST,"{""HOME_WIN"":0.39,""DRAW"":0.31,""AWAY_WIN"":0.33}",1.03,1.09729,5.0,-0.48645,NO_EDGE
2026-09-17,2026-09-17T16:16:16.075543+00:00,liga_mx_2026,lmx_071,2026-09-19T01:00:00+00:00,Puebla,Atlante,HOME_WIN,0xb9c715bfeef6a9f564270feaadd4ca7c52a9c805850737959daee88afc2c4277,9478183139723408351121262286010062644277766326144956849184940332901388961855,YES,polymarket-live,0.427403,0.45,0.45,587.69,"[[0.45,587.69],[0.46,1635.35],[0.47,5126.28]]",243.359595,21089.0951,1000,0.01,5.0,0.0,,,,,DISCARD,NO_TRADE,LOST,"{""HOME_WIN"":0.45,""DRAW"":0.28,""AWAY_WIN"":0.29}",1.02,1.0855,5.0,-0.4275,NO_EDGE
2026-09-17,2026-09-17T16:16:16.075543+00:00,liga_mx_2026,lmx_072,2026-09-19T03:00:00+00:00,Juárez,Tigres UANL,AWAY_WIN,0x497b6c9af896d50eb7bf886f5c909d79ea9e84412036b940b662577e43eb890b,80139555061032185577618157344041954746700592232769096286143917898466468800255,YES,polymarket-live,0.485371,0.56,0.56,6026.47,"[[0.56,6026.47],[0.57,9115.58],[0.58,10396.16]]",1102.823185,28249.9213,1000,0.01,5.0,0.0,,,,,DISCARD,NO_TRADE,LOST,"{""HOME_WIN"":0.21,""DRAW"":0.25,""AWAY_WIN"":0.56}",1.02,1.07998,5.0,-0.3999,NO_EDGE
2026-09-17,2026-09-17T16:16:16.075543+00:00,liga_mx_2026,lmx_073,2026-09-19T23:00:00+00:00,Atlético San Luis,Necaxa,HOME_WIN,0x9dfd057e7ac49b229cd84cee51a38680c51313d1aad52c40b77c7b823fef50bb,104459138145360923699154949765763891954280695117237846682969250055842354076070,YES,polymarket-live,0.468977,0.42,0.42,1575.54,"[[0.42,1575.54],[0.43,1739.0],[0.44,1473.4]]",9.988275999999999,11364.312,1000,0.01,5.0,0.0,,,,,DISCARD,NO_TRADE,WON,"{""HOME_WIN"":0.42,""DRAW"":0.28,""AWAY_WIN"":0.32}",1.02,1.08628,5.0,-0.4314,NO_EDGE
2026-09-17,2026-09-17T16:16:16.075543+00:00,liga_mx_2026,lmx_074,2026-09-19T23:00:00+00:00,Atlas,Pumas UNAM,AWAY_WIN,0xa76caab55e9ea6886e6d998c19e679c76feade1712b9464b06168a012228f41d,35043313621077731320384646083658773231439112241109552901959295969938218039830,YES,polymarket-live,0.419303,0.33,0.33,1623.0,"[[0.33,1623.0],[0.34,2783.64],[0.35,1584.09]]",2.898548,12093.227,1000,0.01,5.0,0.0,,,,,DISCARD,NO_TRADE,LOST,"{""HOME_WIN"":0.39,""DRAW"":0.31,""AWAY_WIN"":0.33}",1.03,1.09729,5.0,-0.48645,NO_EDGE
2026-09-18,2026-09-18T15:52:06.624394+00:00,liga_mx_2026,lmx_071,2026-09-19T01:00:00+00:00,Puebla,Atlante,HOME_WIN,0xb9c715bfeef6a9f564270feaadd4ca7c52a9c805850737959daee88afc2c4277,9478183139723408351121262286010062644277766326144956849184940332901388961855,YES,polymarket-live,0.427403,0.42,0.42,8494.15,"[[0.42,8494.15],[0.43,17026.05],[0.44,11003.62]]",9959.472908999996,104865.2818,1000,0.01,5.0,0.0,,,,,REVIEW,NO_TRADE,LOST,"{""HOME_WIN"":0.42,""DRAW"":0.28,""AWAY_WIN"":0.32}",1.02,1.08628,5.0,-0.4314,NO_EDGE
2026-09-18,2026-09-18T15:52:06.624394+00:00,liga_mx_2026,lmx_072,2026-09-19T03:00:00+00:00,Juárez,Tigres UANL,AWAY_WIN,0x497b6c9af896d50eb7bf886f5c909d79ea9e84412036b940b662577e43eb890b,80139555061032185577618157344041954746700592232769096286143917898466468800255,YES,polymarket-live,0.485371,0.52,0.52,1350.0,"[[0.52,1350.0],[0.53,22743.44],[0.54,15779.89]]",9422.109494999999,80544.9855,1000,0.01,5.0,0.0,,,,,DISCARD,NO_TRADE,LOST,"{""HOME_WIN"":0.23,""DRAW"":0.26,""AWAY_WIN"":0.52}",1.01,1.07191,5.0,-0.35955,NO_EDGE
2026-09-18,2026-09-18T15:52:06.624394+00:00,liga_mx_2026,lmx_073,2026-09-19T23:00:00+00:00,Atlético San Luis,Necaxa,HOME_WIN,0x9dfd057e7ac49b229cd84cee51a38680c51313d1aad52c40b77c7b823fef50bb,104459138145360923699154949765763891954280695117237846682969250055842354076070,YES,polymarket-live,0.468977,0.43,0.43,3080.54,"[[0.43,3080.54],[0.44,9070.46],[0.45,6517.93]]",59.988276,25494.1082,1000,0.01,5.0,0.0,,,,,DISCARD,NO_TRADE,WON,"{""HOME_WIN"":0.43,""DRAW"":0.28,""AWAY_WIN"":0.32}",1.03,1.09643,5.0,-0.48215,NO_EDGE
2026-09-18,2026-09-18T15:52:06.624394+00:00,liga_mx_2026,lmx_074,2026-09-19T23:00:00+00:00,Atlas,Pumas UNAM,AWAY_WIN,0xa76caab55e9ea6886e6d998c19e679c76feade1712b9464b06168a012228f41d,35043313621077731320384646083658773231439112241109552901959295969938218039830,YES,polymarket-live,0.419303,0.33,0.33,5110.01,"[[0.33,5110.01],[0.34,7564.33],[0.35,3256.61]]",94.49854800000001,28471.223,1000,0.01,5.0,0.0,,,,,DISCARD,NO_TRADE,LOST,"{""HOME_WIN"":0.39,""DRAW"":0.31,""AWAY_WIN"":0.33}",1.03,1.09729,5.0,-0.48645,NO_EDGE
2026-09-19,2026-09-19T15:24:06.172605+00:00,liga_mx_2026,lmx_073,2026-09-19T23:00:00+00:00,Atlético San Luis,Necaxa,HOME_WIN,0x9dfd057e7ac49b229cd84cee51a38680c51313d1aad52c40b77c7b823fef50bb,104459138145360923699154949765763891954280695117237846682969250055842354076070,YES,polymarket-live,0.468977,0.44,0.44,48.0,"[[0.44,48.0],[0.45,9724.86],[0.46,20807.81]]",223.181177,42860.348,1000,0.01,5.0,0.0,,,,,DISCARD,NO_TRADE,WON,"{""HOME_WIN"":0.44,""DRAW"":0.27,""AWAY_WIN"":0.31}",1.02,1.08574,5.0,-0.4287,NO_EDGE
2026-09-19,2026-09-19T15:24:06.172605+00:00,liga_mx_2026,lmx_074,2026-09-19T23:00:00+00:00,Atlas,Pumas UNAM,AWAY_WIN,0xa76caab55e9ea6886e6d998c19e679c76feade1712b9464b06168a012228f41d,35043313621077731320384646083658773231439112241109552901959295969938218039830,YES,polymarket-live,0.419303,0.34,0.34,10508.0,"[[0.34,10508.0],[0.35,15449.52],[0.36,11260.29]]",1500.428548,52400.046,1000,0.01,5.0,25.0,0.34,0.0,1.65,0.056863,REVIEW,NO_TRADE,LOST,"{""HOME_WIN"":0.38,""DRAW"":0.3,""AWAY_WIN"":0.34}",1.02,1.087,5.0,-0.435,NO_EDGE
2026-09-20,2026-09-20T15:28:36.037766+00:00,liga_mx_2026,lmx_077,2026-09-21T00:00:00+00:00,Toluca,Santos Laguna,HOME_WIN,0x649b07ee0967f7a09682d7f97fa6182b475c3974690316240c7aaccc3ac36d2b,23273800378254795114082035648598674929599693755634971789163278929583087019317,YES,polymarket-live,0.820615,0.78,0.78,14202.12,"[[0.78,14202.12],[0.79,25170.24],[0.8,37149.47]]",2001.062021,59645.448,1000,0.01,5.0,25.0,0.78,0.0,0.55,0.023455,REVIEW,NO_TRADE,LOST,"{""HOME_WIN"":0.78,""DRAW"":0.14,""AWAY_WIN"":0.1}",1.02,1.0582,5.0,-0.291,NO_EDGE
2026-09-20,2026-09-20T15:28:36.037766+00:00,liga_mx_2026,lmx_078,2026-09-21T00:00:00+00:00,Pachuca,Tijuana,HOME_WIN,0xed82eeb0f61315df3e592372f7b7b5be730aa41c576746dd9b97e1fc320ede39,87164451906770413099080527592556403332060374424163395278719866621531240572769,YES,polymarket-live,0.50237,0.56,0.56,4053.47,"[[0.56,4053.47],[0.57,11211.56],[0.58,10924.01]]",20433.881348000006,84994.4098,1000,0.01,5.0,0.0,,,,,DISCARD,NO_TRADE,LOST,"{""HOME_WIN"":0.56,""DRAW"":0.24,""AWAY_WIN"":0.21}",1.01,1.06947,5.0,-0.34735,NO_EDGE
2026-09-20,2026-09-20T15:28:36.037766+00:00,liga_mx_2026,lmx_079,2026-09-21T02:10:00+00:00,Querétaro,León,HOME_WIN,0x47234bbf61c9d0f3b1bcc8830022703be594905f646b45158d581b898d932735,48527557141594031969161227526906929620257537848203162081032514303571626152177,YES,polymarket-live,0.573423,0.38,0.38,24866.01,"[[0.38,24866.01],[0.39,16687.15],[0.4,7826.02]]",1023.36434,79095.6924,1000,0.01,5.0,25.0,0.38,0.0,1.55,0.169863,AUTO,SIMULATED_BUY,LOST,"{""HOME_WIN"":0.38,""DRAW"":0.28,""AWAY_WIN"":0.36}",1.02,1.08676,5.0,-0.4338,NO_EDGE
2026-09-21,2026-09-21T17:53:28.413562+00:00,liga_mx_2026,lmx_080,2026-09-26T01:00:00+00:00,Atlante,Monterrey,HOME_WIN,0xdb362a2cdbdde0c72da7de2b6408892129af233da1ade6f779994345ccf89de5,91022674869621783846633739840007297108914087841565242770385186400666387957708,YES,polymarket-live,0.458098,0.27,0.27,732.0,"[[0.27,732.0],[0.28,900.0],[0.29,957.63]]",0.0,16392.1507,1000,0.01,5.0,0.0,,,,,DISCARD,NO_TRADE,,"{""HOME_WIN"":0.27,""DRAW"":0.26,""AWAY_WIN"":0.49}",1.02,1.08394,5.0,-0.4197,NO_EDGE
2026-09-21,2026-09-21T17:53:28.413562+00:00,liga_mx_2026,lmx_081,2026-09-26T03:00:00+00:00,Tijuana,Atlas,HOME_WIN,0x0511cd2ef8d418b0b77d8811f573af1e8143739e3f9d47abed40bc1df3ac1e20,105150239042914729591446714211053759321416964000349777030347677616096172970667,YES,polymarket-live,0.668022,0.49,0.49,130.79,"[[0.49,130.79],[0.5,989.0],[0.51,2961.18]]",243.83377900000002,16344.2195,1000,0.01,5.0,0.0,,,,,DISCARD,NO_TRADE,,"{""HOME_WIN"":0.49,""DRAW"":0.28,""AWAY_WIN"":0.25}",1.02,1.0839,5.0,-0.4195,NO_EDGE
2026-09-21,2026-09-21T17:53:28.413562+00:00,liga_mx_2026,lmx_082,2026-09-26T23:00:00+00:00,Cruz Azul,Toluca,HOME_WIN,0x8269878cf25dfbc4e1dd36404cdf136bd63efb01e00a3b88a2bbb6bbfe375d96,110068794163266705020487284029880048209087907326216744528360004262109887056078,YES,polymarket-live,0.498187,0.36,0.36,342.0,"[[0.36,342.0],[0.37,1181.9],[0.38,900.0]]",0.0,8161.6406,1000,0.01,5.0,0.0,,,,,DISCARD,NO_TRADE,,"{""HOME_WIN"":0.36,""DRAW"":0.28,""AWAY_WIN"":0.37}",1.01,1.07651,5.0,-0.38255,NO_EDGE
2026-09-21,2026-09-21T17:53:28.413562+00:00,liga_mx_2026,lmx_083,2026-09-26T23:07:00+00:00,Guadalajara,Querétaro,HOME_WIN,0xcc0cc604db977eb1b741f241e78bdade5ac5aac35004938ec508c6c06487815a,80993802968341609460603418066233132307023403047659158257929752487889976482203,YES,polymarket-live,0.614085,0.72,0.72,138.0,"[[0.72,138.0],[0.73,750.39],[0.74,1042.0]]",23.808889,11873.9215,1000,0.01,5.0,0.0,,,,,DISCARD,NO_TRADE,,"{""HOME_WIN"":0.72,""DRAW"":0.19,""AWAY_WIN"":0.13}",1.04,1.08686,5.0,-0.4343,NO_EDGE
2026-09-22,2026-09-22T16:19:02.704597+00:00,liga_mx_2026,lmx_080,2026-09-26T01:00:00+00:00,Atlante,Monterrey,HOME_WIN,0xdb362a2cdbdde0c72da7de2b6408892129af233da1ade6f779994345ccf89de5,91022674869621783846633739840007297108914087841565242770385186400666387957708,YES,polymarket-live,0.458098,0.27,0.27,1043.33,"[[0.27,1043.33],[0.28,1404.0],[0.29,1027.8]]",121.17767799999999,10456.5883,1000,0.01,5.0,0.0,,,,,DISCARD,NO_TRADE,,"{""HOME_WIN"":0.27,""DRAW"":0.26,""AWAY_WIN"":0.49}",1.02,1.08394,5.0,-0.4197,NO_EDGE
2026-09-22,2026-09-22T16:19:02.704597+00:00,liga_mx_2026,lmx_081,2026-09-26T03:00:00+00:00,Tijuana,Atlas,HOME_WIN,0x0511cd2ef8d418b0b77d8811f573af1e8143739e3f9d47abed40bc1df3ac1e20,105150239042914729591446714211053759321416964000349777030347677616096172970667,YES,polymarket-live,0.668022,0.49,0.49,147.0,"[[0.49,147.0],[0.5,304.0],[0.51,990.58]]",243.83377900000002,7355.9351,1000,0.01,5.0,0.0,,,,,DISCARD,NO_TRADE,,"{""HOME_WIN"":0.49,""DRAW"":0.27,""AWAY_WIN"":0.25}",1.01,1.07345,5.0,-0.36725,NO_EDGE
2026-09-22,2026-09-22T16:19:02.704597+00:00,liga_mx_2026,lmx_082,2026-09-26T23:00:00+00:00,Cruz Azul,Toluca,HOME_WIN,0x8269878cf25dfbc4e1dd36404cdf136bd63efb01e00a3b88a2bbb6bbfe375d96,110068794163266705020487284029880048209087907326216744528360004262109887056078,YES,polymarket-live,0.498187,0.36,0.36,343.0,"[[0.36,343.0],[0.37,1181.9],[0.38,924.19]]",0.0,8740.2214,1000,0.01,5.0,0.0,,,,,DISCARD,NO_TRADE,,"{""HOME_WIN"":0.36,""DRAW"":0.29,""AWAY_WIN"":0.37}",1.02,1.08694,5.0,-0.4347,NO_EDGE
2026-09-22,2026-09-22T16:19:02.704597+00:00,liga_mx_2026,lmx_083,2026-09-26T23:07:00+00:00,Guadalajara,Querétaro,HOME_WIN,0xcc0cc604db977eb1b741f241e78bdade5ac5aac35004938ec508c6c06487815a,80993802968341609460603418066233132307023403047659158257929752487889976482203,YES,polymarket-live,0.614085,0.71,0.71,732.99,"[[0.71,732.99],[0.72,635.0],[0.73,1128.81]]",59.132115000000006,7012.1447,1000,0.01,5.0,0.0,,,,,DISCARD,NO_TRADE,,"{""HOME_WIN"":0.71,""DRAW"":0.19,""AWAY_WIN"":0.14}",1.04,1.08802,5.0,-0.4401,NO_EDGE
2026-09-23,2026-09-23T16:08:09.083900+00:00,liga_mx_2026,lmx_080,2026-09-26T01:00:00+00:00,Atlante,Monterrey,HOME_WIN,0xdb362a2cdbdde0c72da7de2b6408892129af233da1ade6f779994345ccf89de5,91022674869621783846633739840007297108914087841565242770385186400666387957708,YES,polymarket-live,0.458098,0.26,0.26,2576.0,"[[0.26,2576.0],[0.27,3000.0],[0.28,1665.7]]",138.277678,22386.6068,1000,0.01,5.0,0.0,,,,,DISCARD,NO_TRADE,,"{""HOME_WIN"":0.26,""DRAW"":0.26,""AWAY_WIN"":0.5}",1.02,1.08348,5.0,-0.4174,NO_EDGE
2026-09-23,2026-09-23T16:08:09.083900+00:00,liga_mx_2026,lmx_081,2026-09-26T03:00:00+00:00,Tijuana,Atlas,HOME_WIN,0x0511cd2ef8d418b0b77d8811f573af1e8143739e3f9d47abed40bc1df3ac1e20,105150239042914729591446714211053759321416964000349777030347677616096172970667,YES,polymarket-live,0.668022,0.49,0.49,1131.0,"[[0.49,1131.0],[0.5,2933.6],[0.51,2345.2]]",370.29010600000004,19007.252,1000,0.01,5.0,0.0,,,,,DISCARD,NO_TRADE,,"{""HOME_WIN"":0.49,""DRAW"":0.27,""AWAY_WIN"":0.26}",1.02,1.08394,5.0,-0.4197,NO_EDGE
2026-09-23,2026-09-23T16:08:09.083900+00:00,liga_mx_2026,lmx_082,2026-09-26T22:50:00+00:00,Cruz Azul,Toluca,HOME_WIN,0x8269878cf25dfbc4e1dd36404cdf136bd63efb01e00a3b88a2bbb6bbfe375d96,110068794163266705020487284029880048209087907326216744528360004262109887056078,YES,polymarket-live,0.498187,0.36,0.36,583.22,"[[0.36,583.22],[0.37,1164.9],[0.38,1054.0]]",2.777778,9301.5151,1000,0.01,5.0,0.0,,,,,DISCARD,NO_TRADE,,"{""HOME_WIN"":0.36,""DRAW"":0.28,""AWAY_WIN"":0.37}",1.01,1.07651,5.0,-0.38255,NO_EDGE
2026-09-23,2026-09-23T16:08:09.083900+00:00,liga_mx_2026,lmx_083,2026-09-26T23:07:00+00:00,Guadalajara,Querétaro,HOME_WIN,0xcc0cc604db977eb1b741f241e78bdade5ac5aac35004938ec508c6c06487815a,80993802968341609460603418066233132307023403047659158257929752487889976482203,YES,polymarket-live,0.614085,0.71,0.71,1357.34,"[[0.71,1357.34],[0.72,1113.0],[0.73,1107.69]]",200.144228,9452.998,1000,0.01,5.0,0.0,,,,,DISCARD,NO_TRADE,,"{""HOME_WIN"":0.71,""DRAW"":0.18,""AWAY_WIN"":0.14}",1.03,1.07739,5.0,-0.38695,NO_EDGE
2026-09-24,2026-09-24T16:31:43.133328+00:00,liga_mx_2026,lmx_080,2026-09-26T01:00:00+00:00,Atlante,Monterrey,HOME_WIN,0xdb362a2cdbdde0c72da7de2b6408892129af233da1ade6f779994345ccf89de5,91022674869621783846633739840007297108914087841565242770385186400666387957708,YES,polymarket-live,0.458098,0.27,0.27,19.0,"[[0.27,19.0],[0.28,5426.44],[0.29,10672.52]]",186.123832,31347.0663,1000,0.01,5.0,0.0,,,,,DISCARD,NO_TRADE,,"{""HOME_WIN"":0.27,""DRAW"":0.26,""AWAY_WIN"":0.49}",1.02,1.08394,5.0,-0.4197,NO_EDGE
2026-09-24,2026-09-24T16:31:43.133328+00:00,liga_mx_2026,lmx_081,2026-09-26T03:00:00+00:00,Tijuana,Atlas,HOME_WIN,0x0511cd2ef8d418b0b77d8811f573af1e8143739e3f9d47abed40bc1df3ac1e20,105150239042914729591446714211053759321416964000349777030347677616096172970667,YES,polymarket-live,0.668022,0.48,0.48,1261.0,"[[0.48,1261.0],[0.49,3925.5],[0.5,6421.34]]",574.646259,25939.9104,1000,0.01,5.0,25.0,0.48,0.0,1.3,0.163062,AUTO,SIMULATED_BUY,,"{""HOME_WIN"":0.48,""DRAW"":0.28,""AWAY_WIN"":0.26}",1.02,1.08436,5.0,-0.4218,NO_EDGE
2026-09-24,2026-09-24T16:31:43.133328+00:00,liga_mx_2026,lmx_082,2026-09-26T22:50:00+00:00,Cruz Azul,Toluca,HOME_WIN,0x8269878cf25dfbc4e1dd36404cdf136bd63efb01e00a3b88a2bbb6bbfe375d96,110068794163266705020487284029880048209087907326216744528360004262109887056078,YES,polymarket-live,0.498187,0.36,0.36,157.71,"[[0.36,157.71],[0.37,2982.0],[0.38,1384.08]]",401.49777800000004,12365.129,1000,0.01,5.0,0.0,,,,,DISCARD,NO_TRADE,,"{""HOME_WIN"":0.36,""DRAW"":0.28,""AWAY_WIN"":0.37}",1.01,1.07651,5.0,-0.38255,NO_EDGE
2026-09-24,2026-09-24T16:31:43.133328+00:00,liga_mx_2026,lmx_083,2026-09-26T23:07:00+00:00,Guadalajara,Querétaro,HOME_WIN,0xcc0cc604db977eb1b741f241e78bdade5ac5aac35004938ec508c6c06487815a,80993802968341609460603418066233132307023403047659158257929752487889976482203,YES,polymarket-live,0.614085,0.71,0.71,3042.51,"[[0.71,3042.51],[0.72,2111.44],[0.73,10355.13]]",1093.776433,16106.4627,1000,0.01,5.0,0.0,,,,,DISCARD,NO_TRADE,,"{""HOME_WIN"":0.71,""DRAW"":0.18,""AWAY_WIN"":0.14}",1.03,1.07739,5.0,-0.38695,NO_EDGE
